Sno,Date,Time,State/UnionTerritory,ConfirmedIndianNational,ConfirmedForeignNational,Cured,Deaths,Confirmed,Population,Removed,Susceptibles,Total_beds,Total_Available_Beds,Lockdown_Flag
366,2020-03-26,6:00 PM,Andaman and Nicobar Islands,1.0,0.0,0,0,1,380581,0,380580,,,1
393,2020-03-27,10:00 AM,Andaman and Nicobar Islands,1.0,0.0,0,0,1,380581,0,380580,,,1
421,2020-03-28,6:00 PM,Andaman and Nicobar Islands,6.0,0.0,0,0,6,380581,0,380575,,,1
448,2020-03-29,7:30 PM,Andaman and Nicobar Islands,,,0,0,9,380581,0,380572,,,1
475,2020-03-30,9:30 PM,Andaman and Nicobar Islands,,,0,0,9,380581,0,380572,,,1
503,2020-03-31,8:30 PM,Andaman and Nicobar Islands,,,0,0,10,380581,0,380571,,,1
531,2020-04-01,7:30 PM,Andaman and Nicobar Islands,,,0,0,10,380581,0,380571,,,1
560,2020-04-02,6:00 PM,Andaman and Nicobar Islands,,,0,0,10,380581,0,380571,,,1
589,2020-04-03,6:00 PM,Andaman and Nicobar Islands,,,0,0,10,380581,0,380571,,,1
620,2020-04-04,6:00 PM,Andaman and Nicobar Islands,,,0,0,10,380581,0,380571,,,1
650,2020-04-05,6:00 PM,Andaman and Nicobar Islands,,,0,0,10,380581,0,380571,,,1
122,2020-03-12,6:00 PM,Andhra Pradesh,1.0,0.0,0,0,1,49577103,0,49577102,83937.0,83936.0,0
135,2020-03-13,6:00 PM,Andhra Pradesh,1.0,0.0,0,0,1,49577103,0,49577102,83937.0,83936.0,0
148,2020-03-14,6:00 PM,Andhra Pradesh,1.0,0.0,0,0,1,49577103,0,49577102,83937.0,83936.0,0
149,2020-03-15,6:00 PM,Andhra Pradesh,1.0,0.0,0,0,1,49577103,0,49577102,83937.0,83936.0,0
163,2020-03-16,6:00 PM,Andhra Pradesh,1.0,0.0,0,0,1,49577103,0,49577102,83937.0,83936.0,0
178,2020-03-17,6:00 PM,Andhra Pradesh,1.0,0.0,0,0,1,49577103,0,49577102,83937.0,83936.0,0
193,2020-03-18,6:00 PM,Andhra Pradesh,1.0,0.0,0,0,1,49577103,0,49577102,83937.0,83936.0,0
210,2020-03-19,6:00 PM,Andhra Pradesh,2.0,0.0,0,0,2,49577103,0,49577101,83937.0,83935.0,0
229,2020-03-20,6:00 PM,Andhra Pradesh,3.0,0.0,0,0,3,49577103,0,49577100,83937.0,83934.0,0
249,2020-03-21,6:00 PM,Andhra Pradesh,3.0,0.0,0,0,3,49577103,0,49577100,83937.0,83934.0,0
271,2020-03-22,6:00 PM,Andhra Pradesh,5.0,0.0,0,0,5,49577103,0,49577098,83937.0,83932.0,0
294,2020-03-23,6:00 PM,Andhra Pradesh,7.0,0.0,0,0,7,49577103,0,49577096,83937.0,83930.0,0
317,2020-03-24,6:00 PM,Andhra Pradesh,8.0,0.0,0,0,8,49577103,0,49577095,83937.0,83929.0,0
341,2020-03-25,6:00 PM,Andhra Pradesh,9.0,0.0,1,0,9,49577103,1,49577093,83937.0,83928.0,1
367,2020-03-26,6:00 PM,Andhra Pradesh,11.0,0.0,1,0,11,49577103,1,49577091,83937.0,83926.0,1
394,2020-03-27,10:00 AM,Andhra Pradesh,12.0,0.0,1,0,12,49577103,1,49577090,83937.0,83925.0,1
420,2020-03-28,6:00 PM,Andhra Pradesh,14.0,0.0,1,0,14,49577103,1,49577088,83937.0,83923.0,1
447,2020-03-29,7:30 PM,Andhra Pradesh,,,1,0,19,49577103,1,49577083,83937.0,83918.0,1
474,2020-03-30,9:30 PM,Andhra Pradesh,,,1,0,23,49577103,1,49577079,83937.0,83914.0,1
502,2020-03-31,8:30 PM,Andhra Pradesh,,,1,0,40,49577103,1,49577062,83937.0,83897.0,1
530,2020-04-01,7:30 PM,Andhra Pradesh,,,1,0,83,49577103,1,49577019,83937.0,83854.0,1
559,2020-04-02,6:00 PM,Andhra Pradesh,,,1,1,86,49577103,2,49577015,83937.0,83851.0,1
588,2020-04-03,6:00 PM,Andhra Pradesh,,,1,1,132,49577103,2,49576969,83937.0,83805.0,1
619,2020-04-04,6:00 PM,Andhra Pradesh,,,1,1,161,49577103,2,49576940,83937.0,83776.0,1
649,2020-04-05,6:00 PM,Andhra Pradesh,,,1,1,190,49577103,2,49576911,83937.0,83747.0,1
590,2020-04-03,6:00 PM,Arunachal Pradesh,,,0,0,1,1383727,0,1383726,4724.0,4723.0,1
621,2020-04-04,6:00 PM,Arunachal Pradesh,,,0,0,1,1383727,0,1383726,4724.0,4723.0,1
651,2020-04-05,6:00 PM,Arunachal Pradesh,,,0,0,1,1383727,0,1383726,4724.0,4723.0,1
532,2020-04-01,7:30 PM,Assam,,,0,0,1,31205576,0,31205575,36257.0,36256.0,1
561,2020-04-02,6:00 PM,Assam,,,0,0,5,31205576,0,31205571,36257.0,36252.0,1
591,2020-04-03,6:00 PM,Assam,,,0,0,16,31205576,0,31205560,36257.0,36241.0,1
622,2020-04-04,6:00 PM,Assam,,,0,0,24,31205576,0,31205552,36257.0,36233.0,1
652,2020-04-05,6:00 PM,Assam,,,0,0,26,31205576,0,31205550,36257.0,36231.0,1
272,2020-03-22,6:00 PM,Bihar,2.0,0.0,0,1,2,104099452,1,104099449,29815.0,29813.0,0
295,2020-03-23,6:00 PM,Bihar,2.0,0.0,0,1,2,104099452,1,104099449,29815.0,29813.0,0
318,2020-03-24,6:00 PM,Bihar,3.0,0.0,0,1,3,104099452,1,104099448,29815.0,29812.0,0
342,2020-03-25,6:00 PM,Bihar,4.0,0.0,0,1,4,104099452,1,104099447,29815.0,29811.0,1
368,2020-03-26,6:00 PM,Bihar,6.0,0.0,0,1,6,104099452,1,104099445,29815.0,29809.0,1
395,2020-03-27,10:00 AM,Bihar,6.0,0.0,0,1,6,104099452,1,104099445,29815.0,29809.0,1
422,2020-03-28,6:00 PM,Bihar,9.0,0.0,0,1,9,104099452,1,104099442,29815.0,29806.0,1
449,2020-03-29,7:30 PM,Bihar,,,0,1,11,104099452,1,104099440,29815.0,29804.0,1
476,2020-03-30,9:30 PM,Bihar,,,0,1,15,104099452,1,104099436,29815.0,29800.0,1
504,2020-03-31,8:30 PM,Bihar,,,0,1,15,104099452,1,104099436,29815.0,29800.0,1
533,2020-04-01,7:30 PM,Bihar,,,0,1,23,104099452,1,104099428,29815.0,29792.0,1
562,2020-04-02,6:00 PM,Bihar,,,0,1,24,104099452,1,104099427,29815.0,29791.0,1
592,2020-04-03,6:00 PM,Bihar,,,0,1,29,104099452,1,104099422,29815.0,29786.0,1
623,2020-04-04,6:00 PM,Bihar,,,0,1,30,104099452,1,104099421,29815.0,29785.0,1
653,2020-04-05,6:00 PM,Bihar,,,0,1,30,104099452,1,104099421,29815.0,29785.0,1
223,2020-03-19,6:00 PM,Chandigarh,1.0,0.0,0,0,1,1055450,0,1055449,4534.0,4533.0,0
243,2020-03-20,6:00 PM,Chandigarh,1.0,0.0,0,0,1,1055450,0,1055449,4534.0,4533.0,0
265,2020-03-21,6:00 PM,Chandigarh,1.0,0.0,0,0,1,1055450,0,1055449,4534.0,4533.0,0
288,2020-03-22,6:00 PM,Chandigarh,5.0,0.0,0,0,5,1055450,0,1055445,4534.0,4529.0,0
311,2020-03-23,6:00 PM,Chandigarh,6.0,0.0,0,0,6,1055450,0,1055444,4534.0,4528.0,0
335,2020-03-24,6:00 PM,Chandigarh,7.0,0.0,0,0,7,1055450,0,1055443,4534.0,4527.0,0
360,2020-03-25,6:00 PM,Chandigarh,7.0,0.0,0,0,7,1055450,0,1055443,4534.0,4527.0,1
369,2020-03-26,6:00 PM,Chandigarh,7.0,0.0,0,0,7,1055450,0,1055443,4534.0,4527.0,1
396,2020-03-27,10:00 AM,Chandigarh,7.0,0.0,0,0,7,1055450,0,1055443,4534.0,4527.0,1
423,2020-03-28,6:00 PM,Chandigarh,8.0,0.0,0,0,8,1055450,0,1055442,4534.0,4526.0,1
450,2020-03-29,7:30 PM,Chandigarh,,,0,0,8,1055450,0,1055442,4534.0,4526.0,1
477,2020-03-30,9:30 PM,Chandigarh,,,0,0,8,1055450,0,1055442,4534.0,4526.0,1
505,2020-03-31,8:30 PM,Chandigarh,,,0,0,13,1055450,0,1055437,4534.0,4521.0,1
534,2020-04-01,7:30 PM,Chandigarh,,,0,0,16,1055450,0,1055434,4534.0,4518.0,1
563,2020-04-02,6:00 PM,Chandigarh,,,0,0,16,1055450,0,1055434,4534.0,4518.0,1
593,2020-04-03,6:00 PM,Chandigarh,,,0,0,18,1055450,0,1055432,4534.0,4516.0,1
624,2020-04-04,6:00 PM,Chandigarh,,,0,0,18,1055450,0,1055432,4534.0,4516.0,1
654,2020-04-05,6:00 PM,Chandigarh,,,0,0,18,1055450,0,1055432,4534.0,4516.0,1
211,2020-03-19,6:00 PM,Chhattisgarh,1.0,0.0,0,0,1,25545198,0,25545197,23766.0,23765.0,0
230,2020-03-20,6:00 PM,Chhattisgarh,1.0,0.0,0,0,1,25545198,0,25545197,23766.0,23765.0,0
250,2020-03-21,6:00 PM,Chhattisgarh,1.0,0.0,0,0,1,25545198,0,25545197,23766.0,23765.0,0
273,2020-03-22,6:00 PM,Chhattisgarh,1.0,0.0,0,0,1,25545198,0,25545197,23766.0,23765.0,0
296,2020-03-23,6:00 PM,Chhattisgarh,1.0,0.0,0,0,1,25545198,0,25545197,23766.0,23765.0,0
319,2020-03-24,6:00 PM,Chhattisgarh,1.0,0.0,0,0,1,25545198,0,25545197,23766.0,23765.0,0
343,2020-03-25,6:00 PM,Chhattisgarh,1.0,0.0,0,0,1,25545198,0,25545197,23766.0,23765.0,1
370,2020-03-26,6:00 PM,Chhattisgarh,6.0,0.0,0,0,6,25545198,0,25545192,23766.0,23760.0,1
397,2020-03-27,10:00 AM,Chhattisgarh,6.0,0.0,0,0,6,25545198,0,25545192,23766.0,23760.0,1
424,2020-03-28,6:00 PM,Chhattisgarh,6.0,0.0,0,0,6,25545198,0,25545192,23766.0,23760.0,1
451,2020-03-29,7:30 PM,Chhattisgarh,,,0,0,7,25545198,0,25545191,23766.0,23759.0,1
478,2020-03-30,9:30 PM,Chhattisgarh,,,0,0,7,25545198,0,25545191,23766.0,23759.0,1
506,2020-03-31,8:30 PM,Chhattisgarh,,,0,0,8,25545198,0,25545190,23766.0,23758.0,1
535,2020-04-01,7:30 PM,Chhattisgarh,,,2,0,9,25545198,2,25545187,23766.0,23757.0,1
564,2020-04-02,6:00 PM,Chhattisgarh,,,2,0,9,25545198,2,25545187,23766.0,23757.0,1
594,2020-04-03,6:00 PM,Chhattisgarh,,,3,0,9,25545198,3,25545186,23766.0,23757.0,1
625,2020-04-04,6:00 PM,Chhattisgarh,,,3,0,9,25545198,3,25545186,23766.0,23757.0,1
655,2020-04-05,6:00 PM,Chhattisgarh,,,3,0,9,25545198,3,25545186,23766.0,23757.0,1
35,2020-03-02,6:00 PM,Delhi,1.0,0.0,0,0,1,16787941,0,16787940,44955.0,44954.0,0
39,2020-03-03,6:00 PM,Delhi,1.0,0.0,0,0,1,16787941,0,16787940,44955.0,44954.0,0
43,2020-03-04,6:00 PM,Delhi,1.0,0.0,0,0,1,16787941,0,16787940,44955.0,44954.0,0
46,2020-03-05,6:00 PM,Delhi,2.0,0.0,0,0,2,16787941,0,16787939,44955.0,44953.0,0
52,2020-03-06,6:00 PM,Delhi,3.0,0.0,0,0,3,16787941,0,16787938,44955.0,44952.0,0
63,2020-03-07,6:00 PM,Delhi,3.0,0.0,0,0,3,16787941,0,16787938,44955.0,44952.0,0
72,2020-03-08,6:00 PM,Delhi,3.0,0.0,0,0,3,16787941,0,16787938,44955.0,44952.0,0
85,2020-03-09,6:00 PM,Delhi,4.0,0.0,0,0,4,16787941,0,16787937,44955.0,44951.0,0
88,2020-03-10,6:00 PM,Delhi,4.0,0.0,0,0,4,16787941,0,16787937,44955.0,44951.0,0
99,2020-03-11,6:00 PM,Delhi,5.0,0.0,0,0,5,16787941,0,16787936,44955.0,44950.0,0
110,2020-03-12,6:00 PM,Delhi,6.0,0.0,0,0,6,16787941,0,16787935,44955.0,44949.0,0
123,2020-03-13,6:00 PM,Delhi,6.0,0.0,0,0,6,16787941,0,16787935,44955.0,44949.0,0
136,2020-03-14,6:00 PM,Delhi,7.0,0.0,1,1,7,16787941,2,16787932,44955.0,44948.0,0
150,2020-03-15,6:00 PM,Delhi,7.0,0.0,2,1,7,16787941,3,16787931,44955.0,44948.0,0
164,2020-03-16,6:00 PM,Delhi,7.0,0.0,2,1,7,16787941,3,16787931,44955.0,44948.0,0
179,2020-03-17,6:00 PM,Delhi,8.0,0.0,2,1,8,16787941,3,16787930,44955.0,44947.0,0
194,2020-03-18,6:00 PM,Delhi,9.0,1.0,2,1,10,16787941,3,16787928,44955.0,44945.0,0
212,2020-03-19,6:00 PM,Delhi,11.0,1.0,3,1,12,16787941,4,16787925,44955.0,44943.0,0
231,2020-03-20,6:00 PM,Delhi,16.0,1.0,5,1,17,16787941,6,16787918,44955.0,44938.0,0
251,2020-03-21,6:00 PM,Delhi,25.0,1.0,5,1,26,16787941,6,16787909,44955.0,44929.0,0
274,2020-03-22,6:00 PM,Delhi,28.0,1.0,5,1,29,16787941,6,16787906,44955.0,44926.0,0
297,2020-03-23,6:00 PM,Delhi,28.0,1.0,5,1,29,16787941,6,16787906,44955.0,44926.0,0
320,2020-03-24,6:00 PM,Delhi,29.0,1.0,6,1,30,16787941,7,16787904,44955.0,44925.0,0
344,2020-03-25,6:00 PM,Delhi,30.0,1.0,6,1,31,16787941,7,16787903,44955.0,44924.0,1
371,2020-03-26,6:00 PM,Delhi,35.0,1.0,6,1,36,16787941,7,16787898,44955.0,44919.0,1
398,2020-03-27,10:00 AM,Delhi,35.0,1.0,6,1,36,16787941,7,16787898,44955.0,44919.0,1
425,2020-03-28,6:00 PM,Delhi,38.0,1.0,6,1,39,16787941,7,16787895,44955.0,44916.0,1
452,2020-03-29,7:30 PM,Delhi,,,6,2,49,16787941,8,16787884,44955.0,44906.0,1
479,2020-03-30,9:30 PM,Delhi,,,6,2,87,16787941,8,16787846,44955.0,44868.0,1
507,2020-03-31,8:30 PM,Delhi,,,6,2,97,16787941,8,16787836,44955.0,44858.0,1
536,2020-04-01,7:30 PM,Delhi,,,6,2,152,16787941,8,16787781,44955.0,44803.0,1
565,2020-04-02,6:00 PM,Delhi,,,8,4,219,16787941,12,16787710,44955.0,44736.0,1
595,2020-04-03,6:00 PM,Delhi,,,8,4,219,16787941,12,16787710,44955.0,44736.0,1
626,2020-04-04,6:00 PM,Delhi,,,15,6,445,16787941,21,16787475,44955.0,44510.0,1
656,2020-04-05,6:00 PM,Delhi,,,18,7,503,16787941,25,16787413,44955.0,44452.0,1
372,2020-03-26,6:00 PM,Goa,3.0,0.0,0,0,3,1458545,0,1458542,5679.0,5676.0,1
399,2020-03-27,10:00 AM,Goa,3.0,0.0,0,0,3,1458545,0,1458542,5679.0,5676.0,1
426,2020-03-28,6:00 PM,Goa,3.0,0.0,0,0,3,1458545,0,1458542,5679.0,5676.0,1
453,2020-03-29,7:30 PM,Goa,,,0,0,5,1458545,0,1458540,5679.0,5674.0,1
480,2020-03-30,9:30 PM,Goa,,,0,0,5,1458545,0,1458540,5679.0,5674.0,1
508,2020-03-31,8:30 PM,Goa,,,0,0,5,1458545,0,1458540,5679.0,5674.0,1
537,2020-04-01,7:30 PM,Goa,,,0,0,5,1458545,0,1458540,5679.0,5674.0,1
566,2020-04-02,6:00 PM,Goa,,,0,0,5,1458545,0,1458540,5679.0,5674.0,1
596,2020-04-03,6:00 PM,Goa,,,0,0,6,1458545,0,1458539,5679.0,5673.0,1
627,2020-04-04,6:00 PM,Goa,,,0,0,7,1458545,0,1458538,5679.0,5672.0,1
657,2020-04-05,6:00 PM,Goa,,,0,0,7,1458545,0,1458538,5679.0,5672.0,1
232,2020-03-20,6:00 PM,Gujarat,5.0,0.0,0,0,5,60439692,0,60439687,73409.0,73404.0,0
252,2020-03-21,6:00 PM,Gujarat,7.0,0.0,0,0,7,60439692,0,60439685,73409.0,73402.0,0
275,2020-03-22,6:00 PM,Gujarat,18.0,0.0,0,1,18,60439692,1,60439673,73409.0,73391.0,0
298,2020-03-23,6:00 PM,Gujarat,29.0,0.0,0,1,29,60439692,1,60439662,73409.0,73380.0,0
321,2020-03-24,6:00 PM,Gujarat,32.0,1.0,0,1,33,60439692,1,60439658,73409.0,73376.0,0
345,2020-03-25,6:00 PM,Gujarat,37.0,1.0,0,1,38,60439692,1,60439653,73409.0,73371.0,1
373,2020-03-26,6:00 PM,Gujarat,42.0,1.0,0,3,43,60439692,3,60439646,73409.0,73366.0,1
400,2020-03-27,10:00 AM,Gujarat,42.0,1.0,0,3,43,60439692,3,60439646,73409.0,73366.0,1
427,2020-03-28,6:00 PM,Gujarat,44.0,1.0,0,3,45,60439692,3,60439644,73409.0,73364.0,1
454,2020-03-29,7:30 PM,Gujarat,,,1,5,58,60439692,6,60439628,73409.0,73351.0,1
481,2020-03-30,9:30 PM,Gujarat,,,1,6,69,60439692,7,60439616,73409.0,73340.0,1
509,2020-03-31,8:30 PM,Gujarat,,,3,6,73,60439692,9,60439610,73409.0,73336.0,1
538,2020-04-01,7:30 PM,Gujarat,,,5,6,82,60439692,11,60439599,73409.0,73327.0,1
567,2020-04-02,6:00 PM,Gujarat,,,8,7,87,60439692,15,60439590,73409.0,73322.0,1
597,2020-04-03,6:00 PM,Gujarat,,,10,8,95,60439692,18,60439579,73409.0,73314.0,1
628,2020-04-04,6:00 PM,Gujarat,,,14,10,105,60439692,24,60439563,73409.0,73304.0,1
658,2020-04-05,6:00 PM,Gujarat,,,18,11,122,60439692,29,60439541,73409.0,73287.0,1
42,2020-03-04,6:00 PM,Haryana,0.0,2.0,0,0,2,25351462,0,25351460,25081.0,25079.0,0
47,2020-03-05,6:00 PM,Haryana,0.0,2.0,0,0,2,25351462,0,25351460,25081.0,25079.0,0
53,2020-03-06,6:00 PM,Haryana,0.0,2.0,0,0,2,25351462,0,25351460,25081.0,25079.0,0
64,2020-03-07,6:00 PM,Haryana,0.0,2.0,0,0,2,25351462,0,25351460,25081.0,25079.0,0
71,2020-03-08,6:00 PM,Haryana,0.0,2.0,0,0,2,25351462,0,25351460,25081.0,25079.0,0
84,2020-03-09,6:00 PM,Haryana,0.0,2.0,0,0,2,25351462,0,25351460,25081.0,25079.0,0
89,2020-03-10,6:00 PM,Haryana,0.0,2.0,0,0,2,25351462,0,25351460,25081.0,25079.0,0
100,2020-03-11,6:00 PM,Haryana,0.0,14.0,0,0,14,25351462,0,25351448,25081.0,25067.0,0
111,2020-03-12,6:00 PM,Haryana,0.0,14.0,0,0,14,25351462,0,25351448,25081.0,25067.0,0
124,2020-03-13,6:00 PM,Haryana,0.0,14.0,0,0,14,25351462,0,25351448,25081.0,25067.0,0
137,2020-03-14,6:00 PM,Haryana,0.0,14.0,0,0,14,25351462,0,25351448,25081.0,25067.0,0
151,2020-03-15,6:00 PM,Haryana,0.0,14.0,0,0,14,25351462,0,25351448,25081.0,25067.0,0
165,2020-03-16,6:00 PM,Haryana,0.0,14.0,0,0,14,25351462,0,25351448,25081.0,25067.0,0
180,2020-03-17,6:00 PM,Haryana,1.0,14.0,0,0,15,25351462,0,25351447,25081.0,25066.0,0
195,2020-03-18,6:00 PM,Haryana,3.0,14.0,0,0,17,25351462,0,25351445,25081.0,25064.0,0
213,2020-03-19,6:00 PM,Haryana,3.0,14.0,0,0,17,25351462,0,25351445,25081.0,25064.0,0
233,2020-03-20,6:00 PM,Haryana,3.0,14.0,0,0,17,25351462,0,25351445,25081.0,25064.0,0
253,2020-03-21,6:00 PM,Haryana,3.0,14.0,0,0,17,25351462,0,25351445,25081.0,25064.0,0
276,2020-03-22,6:00 PM,Haryana,7.0,14.0,0,0,21,25351462,0,25351441,25081.0,25060.0,0
299,2020-03-23,6:00 PM,Haryana,12.0,14.0,0,0,26,25351462,0,25351436,25081.0,25055.0,0
322,2020-03-24,6:00 PM,Haryana,14.0,14.0,11,0,28,25351462,11,25351423,25081.0,25053.0,0
346,2020-03-25,6:00 PM,Haryana,14.0,14.0,11,0,28,25351462,11,25351423,25081.0,25053.0,1
374,2020-03-26,6:00 PM,Haryana,16.0,14.0,11,0,30,25351462,11,25351421,25081.0,25051.0,1
401,2020-03-27,10:00 AM,Haryana,16.0,14.0,11,0,30,25351462,11,25351421,25081.0,25051.0,1
428,2020-03-28,6:00 PM,Haryana,19.0,14.0,12,0,33,25351462,12,25351417,25081.0,25048.0,1
455,2020-03-29,7:30 PM,Haryana,,,17,0,33,25351462,17,25351412,25081.0,25048.0,1
482,2020-03-30,9:30 PM,Haryana,,,18,0,36,25351462,18,25351408,25081.0,25045.0,1
510,2020-03-31,8:30 PM,Haryana,,,21,0,40,25351462,21,25351401,25081.0,25041.0,1
539,2020-04-01,7:30 PM,Haryana,,,21,0,43,25351462,21,25351398,25081.0,25038.0,1
568,2020-04-02,6:00 PM,Haryana,,,21,0,43,25351462,21,25351398,25081.0,25038.0,1
598,2020-04-03,6:00 PM,Haryana,,,24,0,49,25351462,24,25351389,25081.0,25032.0,1
629,2020-04-04,6:00 PM,Haryana,,,24,0,49,25351462,24,25351389,25081.0,25032.0,1
659,2020-04-05,6:00 PM,Haryana,,,25,1,59,25351462,26,25351377,25081.0,25022.0,1
254,2020-03-21,6:00 PM,Himachal Pradesh,2.0,0.0,0,0,2,6864602,0,6864600,21105.0,21103.0,0
277,2020-03-22,6:00 PM,Himachal Pradesh,2.0,0.0,0,0,2,6864602,0,6864600,21105.0,21103.0,0
300,2020-03-23,6:00 PM,Himachal Pradesh,2.0,0.0,0,0,2,6864602,0,6864600,21105.0,21103.0,0
323,2020-03-24,6:00 PM,Himachal Pradesh,3.0,0.0,0,1,3,6864602,1,6864598,21105.0,21102.0,0
347,2020-03-25,6:00 PM,Himachal Pradesh,3.0,0.0,0,1,3,6864602,1,6864598,21105.0,21102.0,1
375,2020-03-26,6:00 PM,Himachal Pradesh,3.0,0.0,0,1,3,6864602,1,6864598,21105.0,21102.0,1
402,2020-03-27,10:00 AM,Himachal Pradesh,3.0,0.0,0,1,3,6864602,1,6864598,21105.0,21102.0,1
429,2020-03-28,6:00 PM,Himachal Pradesh,3.0,0.0,0,1,3,6864602,1,6864598,21105.0,21102.0,1
456,2020-03-29,7:30 PM,Himachal Pradesh,,,0,1,3,6864602,1,6864598,21105.0,21102.0,1
483,2020-03-30,9:30 PM,Himachal Pradesh,,,0,1,3,6864602,1,6864598,21105.0,21102.0,1
511,2020-03-31,8:30 PM,Himachal Pradesh,,,0,1,3,6864602,1,6864598,21105.0,21102.0,1
540,2020-04-01,7:30 PM,Himachal Pradesh,,,0,1,3,6864602,1,6864598,21105.0,21102.0,1
569,2020-04-02,6:00 PM,Himachal Pradesh,,,1,1,3,6864602,2,6864597,21105.0,21102.0,1
599,2020-04-03,6:00 PM,Himachal Pradesh,,,1,1,6,6864602,2,6864594,21105.0,21099.0,1
630,2020-04-04,6:00 PM,Himachal Pradesh,,,1,1,6,6864602,2,6864594,21105.0,21099.0,1
660,2020-04-05,6:00 PM,Himachal Pradesh,,,1,1,6,6864602,2,6864594,21105.0,21099.0,1
82,2020-03-09,6:00 PM,Jammu and Kashmir,1.0,0.0,0,0,1,12267032,0,12267031,,,0
97,2020-03-10,6:00 PM,Jammu and Kashmir,1.0,0.0,0,0,1,12267032,0,12267031,,,0
107,2020-03-11,6:00 PM,Jammu and Kashmir,1.0,0.0,0,0,1,12267032,0,12267031,,,0
118,2020-03-12,6:00 PM,Jammu and Kashmir,1.0,0.0,0,0,1,12267032,0,12267031,,,0
131,2020-03-13,6:00 PM,Jammu and Kashmir,1.0,0.0,0,0,1,12267032,0,12267031,,,0
144,2020-03-14,6:00 PM,Jammu and Kashmir,2.0,0.0,0,0,2,12267032,0,12267030,,,0
159,2020-03-15,6:00 PM,Jammu and Kashmir,2.0,0.0,0,0,2,12267032,0,12267030,,,0
174,2020-03-16,6:00 PM,Jammu and Kashmir,3.0,0.0,0,0,3,12267032,0,12267029,,,0
189,2020-03-17,6:00 PM,Jammu and Kashmir,3.0,0.0,0,0,3,12267032,0,12267029,,,0
205,2020-03-18,6:00 PM,Jammu and Kashmir,3.0,0.0,0,0,3,12267032,0,12267029,,,0
224,2020-03-19,6:00 PM,Jammu and Kashmir,4.0,0.0,0,0,4,12267032,0,12267028,,,0
244,2020-03-20,6:00 PM,Jammu and Kashmir,4.0,0.0,0,0,4,12267032,0,12267028,,,0
266,2020-03-21,6:00 PM,Jammu and Kashmir,4.0,0.0,0,0,4,12267032,0,12267028,,,0
289,2020-03-22,6:00 PM,Jammu and Kashmir,4.0,0.0,0,0,4,12267032,0,12267028,,,0
312,2020-03-23,6:00 PM,Jammu and Kashmir,4.0,0.0,0,0,4,12267032,0,12267028,,,0
336,2020-03-24,6:00 PM,Jammu and Kashmir,4.0,0.0,0,0,4,12267032,0,12267028,,,0
361,2020-03-25,6:00 PM,Jammu and Kashmir,7.0,0.0,1,0,7,12267032,1,12267024,,,1
376,2020-03-26,6:00 PM,Jammu and Kashmir,13.0,0.0,1,0,13,12267032,1,12267018,,,1
403,2020-03-27,10:00 AM,Jammu and Kashmir,13.0,0.0,1,1,13,12267032,2,12267017,,,1
430,2020-03-28,6:00 PM,Jammu and Kashmir,20.0,0.0,1,1,20,12267032,2,12267010,,,1
457,2020-03-29,7:30 PM,Jammu and Kashmir,,,1,2,31,12267032,3,12266998,,,1
484,2020-03-30,9:30 PM,Jammu and Kashmir,,,2,2,48,12267032,4,12266980,,,1
512,2020-03-31,8:30 PM,Jammu and Kashmir,,,2,2,54,12267032,4,12266974,,,1
541,2020-04-01,7:30 PM,Jammu and Kashmir,,,2,2,62,12267032,4,12266966,,,1
570,2020-04-02,6:00 PM,Jammu and Kashmir,,,2,2,62,12267032,4,12266966,,,1
600,2020-04-03,6:00 PM,Jammu and Kashmir,,,3,2,75,12267032,5,12266952,,,1
631,2020-04-04,6:00 PM,Jammu and Kashmir,,,3,2,75,12267032,5,12266952,,,1
661,2020-04-05,6:00 PM,Jammu and Kashmir,,,4,2,106,12267032,6,12266920,,,1
542,2020-04-01,7:30 PM,Jharkhand,,,0,0,1,32988134,0,32988133,18188.0,18187.0,1
571,2020-04-02,6:00 PM,Jharkhand,,,0,0,1,32988134,0,32988133,18188.0,18187.0,1
601,2020-04-03,6:00 PM,Jharkhand,,,0,0,2,32988134,0,32988132,18188.0,18186.0,1
632,2020-04-04,6:00 PM,Jharkhand,,,0,0,2,32988134,0,32988132,18188.0,18186.0,1
662,2020-04-05,6:00 PM,Jharkhand,,,0,0,3,32988134,0,32988131,18188.0,18185.0,1
75,2020-03-09,6:00 PM,Karnataka,1.0,0.0,0,0,1,61095297,0,61095296,126498.0,126497.0,0
90,2020-03-10,6:00 PM,Karnataka,4.0,0.0,0,0,4,61095297,0,61095293,126498.0,126494.0,0
109,2020-03-11,6:00 PM,Karnataka,4.0,0.0,0,0,4,61095297,0,61095293,126498.0,126494.0,0
120,2020-03-12,6:00 PM,Karnataka,4.0,0.0,0,0,4,61095297,0,61095293,126498.0,126494.0,0
133,2020-03-13,6:00 PM,Karnataka,6.0,0.0,0,1,6,61095297,1,61095290,126498.0,126492.0,0
146,2020-03-14,6:00 PM,Karnataka,6.0,0.0,0,1,6,61095297,1,61095290,126498.0,126492.0,0
152,2020-03-15,6:00 PM,Karnataka,6.0,0.0,0,1,6,61095297,1,61095290,126498.0,126492.0,0
166,2020-03-16,6:00 PM,Karnataka,6.0,0.0,0,1,6,61095297,1,61095290,126498.0,126492.0,0
181,2020-03-17,6:00 PM,Karnataka,11.0,0.0,0,1,11,61095297,1,61095285,126498.0,126487.0,0
196,2020-03-18,6:00 PM,Karnataka,11.0,0.0,0,1,11,61095297,1,61095285,126498.0,126487.0,0
214,2020-03-19,6:00 PM,Karnataka,14.0,0.0,0,1,14,61095297,1,61095282,126498.0,126484.0,0
234,2020-03-20,6:00 PM,Karnataka,15.0,0.0,1,1,15,61095297,2,61095280,126498.0,126483.0,0
255,2020-03-21,6:00 PM,Karnataka,15.0,0.0,1,1,15,61095297,2,61095280,126498.0,126483.0,0
278,2020-03-22,6:00 PM,Karnataka,26.0,0.0,2,1,26,61095297,3,61095268,126498.0,126472.0,0
301,2020-03-23,6:00 PM,Karnataka,33.0,0.0,2,1,33,61095297,3,61095261,126498.0,126465.0,0
324,2020-03-24,6:00 PM,Karnataka,37.0,0.0,3,1,37,61095297,4,61095256,126498.0,126461.0,0
348,2020-03-25,6:00 PM,Karnataka,41.0,0.0,3,1,41,61095297,4,61095252,126498.0,126457.0,1
377,2020-03-26,6:00 PM,Karnataka,55.0,0.0,3,2,55,61095297,5,61095237,126498.0,126443.0,1
404,2020-03-27,10:00 AM,Karnataka,55.0,0.0,3,2,55,61095297,5,61095237,126498.0,126443.0,1
431,2020-03-28,6:00 PM,Karnataka,55.0,0.0,3,2,55,61095297,5,61095237,126498.0,126443.0,1
458,2020-03-29,7:30 PM,Karnataka,,,5,3,76,61095297,8,61095213,126498.0,126422.0,1
485,2020-03-30,9:30 PM,Karnataka,,,5,3,83,61095297,8,61095206,126498.0,126415.0,1
513,2020-03-31,8:30 PM,Karnataka,,,5,3,83,61095297,8,61095206,126498.0,126415.0,1
543,2020-04-01,7:30 PM,Karnataka,,,8,3,101,61095297,11,61095185,126498.0,126397.0,1
572,2020-04-02,6:00 PM,Karnataka,,,9,3,110,61095297,12,61095175,126498.0,126388.0,1
602,2020-04-03,6:00 PM,Karnataka,,,10,3,124,61095297,13,61095160,126498.0,126374.0,1
633,2020-04-04,6:00 PM,Karnataka,,,12,3,128,61095297,15,61095154,126498.0,126370.0,1
663,2020-04-05,6:00 PM,Karnataka,,,12,4,144,61095297,16,61095137,126498.0,126354.0,1
1,2020-01-30,6:00 PM,Kerala,1.0,0.0,0,0,1,33406061,0,33406060,77515.0,77514.0,0
2,2020-01-31,6:00 PM,Kerala,1.0,0.0,0,0,1,33406061,0,33406060,77515.0,77514.0,0
3,2020-02-01,6:00 PM,Kerala,2.0,0.0,0,0,2,33406061,0,33406059,77515.0,77513.0,0
4,2020-02-02,6:00 PM,Kerala,3.0,0.0,0,0,3,33406061,0,33406058,77515.0,77512.0,0
5,2020-02-03,6:00 PM,Kerala,3.0,0.0,0,0,3,33406061,0,33406058,77515.0,77512.0,0
6,2020-02-04,6:00 PM,Kerala,3.0,0.0,0,0,3,33406061,0,33406058,77515.0,77512.0,0
7,2020-02-05,6:00 PM,Kerala,3.0,0.0,0,0,3,33406061,0,33406058,77515.0,77512.0,0
8,2020-02-06,6:00 PM,Kerala,3.0,0.0,0,0,3,33406061,0,33406058,77515.0,77512.0,0
9,2020-02-07,6:00 PM,Kerala,3.0,0.0,0,0,3,33406061,0,33406058,77515.0,77512.0,0
10,2020-02-08,6:00 PM,Kerala,3.0,0.0,0,0,3,33406061,0,33406058,77515.0,77512.0,0
11,2020-02-09,6:00 PM,Kerala,3.0,0.0,0,0,3,33406061,0,33406058,77515.0,77512.0,0
12,2020-02-10,6:00 PM,Kerala,3.0,0.0,0,0,3,33406061,0,33406058,77515.0,77512.0,0
13,2020-02-11,6:00 PM,Kerala,3.0,0.0,0,0,3,33406061,0,33406058,77515.0,77512.0,0
14,2020-02-12,6:00 PM,Kerala,3.0,0.0,0,0,3,33406061,0,33406058,77515.0,77512.0,0
15,2020-02-13,6:00 PM,Kerala,3.0,0.0,0,0,3,33406061,0,33406058,77515.0,77512.0,0
16,2020-02-14,6:00 PM,Kerala,3.0,0.0,0,0,3,33406061,0,33406058,77515.0,77512.0,0
17,2020-02-15,6:00 PM,Kerala,3.0,0.0,0,0,3,33406061,0,33406058,77515.0,77512.0,0
18,2020-02-16,6:00 PM,Kerala,3.0,0.0,0,0,3,33406061,0,33406058,77515.0,77512.0,0
19,2020-02-17,6:00 PM,Kerala,3.0,0.0,0,0,3,33406061,0,33406058,77515.0,77512.0,0
20,2020-02-18,6:00 PM,Kerala,3.0,0.0,0,0,3,33406061,0,33406058,77515.0,77512.0,0
21,2020-02-19,6:00 PM,Kerala,3.0,0.0,0,0,3,33406061,0,33406058,77515.0,77512.0,0
22,2020-02-20,6:00 PM,Kerala,3.0,0.0,0,0,3,33406061,0,33406058,77515.0,77512.0,0
23,2020-02-21,6:00 PM,Kerala,3.0,0.0,0,0,3,33406061,0,33406058,77515.0,77512.0,0
24,2020-02-22,6:00 PM,Kerala,3.0,0.0,0,0,3,33406061,0,33406058,77515.0,77512.0,0
25,2020-02-23,6:00 PM,Kerala,3.0,0.0,0,0,3,33406061,0,33406058,77515.0,77512.0,0
26,2020-02-24,6:00 PM,Kerala,3.0,0.0,0,0,3,33406061,0,33406058,77515.0,77512.0,0
27,2020-02-25,6:00 PM,Kerala,3.0,0.0,0,0,3,33406061,0,33406058,77515.0,77512.0,0
28,2020-02-26,6:00 PM,Kerala,3.0,0.0,0,0,3,33406061,0,33406058,77515.0,77512.0,0
29,2020-02-27,6:00 PM,Kerala,3.0,0.0,0,0,3,33406061,0,33406058,77515.0,77512.0,0
30,2020-02-28,6:00 PM,Kerala,3.0,0.0,0,0,3,33406061,0,33406058,77515.0,77512.0,0
31,2020-02-29,6:00 PM,Kerala,3.0,0.0,0,0,3,33406061,0,33406058,77515.0,77512.0,0
32,2020-03-01,6:00 PM,Kerala,3.0,0.0,0,0,3,33406061,0,33406058,77515.0,77512.0,0
34,2020-03-02,6:00 PM,Kerala,3.0,0.0,0,0,3,33406061,0,33406058,77515.0,77512.0,0
38,2020-03-03,6:00 PM,Kerala,3.0,0.0,3,0,3,33406061,3,33406055,77515.0,77512.0,0
41,2020-03-04,6:00 PM,Kerala,3.0,0.0,3,0,3,33406061,3,33406055,77515.0,77512.0,0
48,2020-03-05,6:00 PM,Kerala,3.0,0.0,3,0,3,33406061,3,33406055,77515.0,77512.0,0
54,2020-03-06,6:00 PM,Kerala,3.0,0.0,3,0,3,33406061,3,33406055,77515.0,77512.0,0
58,2020-03-07,6:00 PM,Kerala,3.0,0.0,3,0,3,33406061,3,33406055,77515.0,77512.0,0
70,2020-03-08,6:00 PM,Kerala,8.0,0.0,3,0,8,33406061,3,33406050,77515.0,77507.0,0
76,2020-03-09,6:00 PM,Kerala,9.0,0.0,3,0,9,33406061,3,33406049,77515.0,77506.0,0
91,2020-03-10,6:00 PM,Kerala,15.0,0.0,3,0,15,33406061,3,33406043,77515.0,77500.0,0
101,2020-03-11,6:00 PM,Kerala,17.0,0.0,3,0,17,33406061,3,33406041,77515.0,77498.0,0
112,2020-03-12,6:00 PM,Kerala,17.0,0.0,3,0,17,33406061,3,33406041,77515.0,77498.0,0
125,2020-03-13,6:00 PM,Kerala,19.0,0.0,3,0,19,33406061,3,33406039,77515.0,77496.0,0
138,2020-03-14,6:00 PM,Kerala,19.0,0.0,3,0,19,33406061,3,33406039,77515.0,77496.0,0
153,2020-03-15,6:00 PM,Kerala,22.0,0.0,3,0,22,33406061,3,33406036,77515.0,77493.0,0
167,2020-03-16,6:00 PM,Kerala,23.0,0.0,3,0,23,33406061,3,33406035,77515.0,77492.0,0
182,2020-03-17,6:00 PM,Kerala,24.0,2.0,3,0,26,33406061,3,33406032,77515.0,77489.0,0
197,2020-03-18,6:00 PM,Kerala,25.0,2.0,3,0,27,33406061,3,33406031,77515.0,77488.0,0
215,2020-03-19,6:00 PM,Kerala,25.0,2.0,3,0,27,33406061,3,33406031,77515.0,77488.0,0
235,2020-03-20,6:00 PM,Kerala,26.0,2.0,3,0,28,33406061,3,33406030,77515.0,77487.0,0
256,2020-03-21,6:00 PM,Kerala,33.0,7.0,3,0,40,33406061,3,33406018,77515.0,77475.0,0
279,2020-03-22,6:00 PM,Kerala,45.0,7.0,3,0,52,33406061,3,33406006,77515.0,77463.0,0
302,2020-03-23,6:00 PM,Kerala,60.0,7.0,3,0,67,33406061,3,33405991,77515.0,77448.0,0
325,2020-03-24,6:00 PM,Kerala,87.0,8.0,4,0,95,33406061,4,33405962,77515.0,77420.0,0
349,2020-03-25,6:00 PM,Kerala,101.0,8.0,4,0,109,33406061,4,33405948,77515.0,77406.0,1
378,2020-03-26,6:00 PM,Kerala,110.0,8.0,6,0,118,33406061,6,33405937,77515.0,77397.0,1
405,2020-03-27,10:00 AM,Kerala,129.0,8.0,11,0,137,33406061,11,33405913,77515.0,77378.0,1
432,2020-03-28,6:00 PM,Kerala,168.0,8.0,11,0,176,33406061,11,33405874,77515.0,77339.0,1
459,2020-03-29,7:30 PM,Kerala,,,15,1,182,33406061,16,33405863,77515.0,77333.0,1
486,2020-03-30,9:30 PM,Kerala,,,19,1,202,33406061,20,33405839,77515.0,77313.0,1
514,2020-03-31,8:30 PM,Kerala,,,19,1,234,33406061,20,33405807,77515.0,77281.0,1
544,2020-04-01,7:30 PM,Kerala,,,23,2,241,33406061,25,33405795,77515.0,77274.0,1
573,2020-04-02,6:00 PM,Kerala,,,25,2,265,33406061,27,33405769,77515.0,77250.0,1
603,2020-04-03,6:00 PM,Kerala,,,27,2,286,33406061,29,33405746,77515.0,77229.0,1
634,2020-04-04,6:00 PM,Kerala,,,41,2,295,33406061,43,33405723,77515.0,77220.0,1
664,2020-04-05,6:00 PM,Kerala,,,49,2,306,33406061,51,33405704,77515.0,77209.0,1
60,2020-03-07,6:00 PM,Ladakh,2.0,0.0,0,0,2,274000,0,273998,,,0
66,2020-03-08,6:00 PM,Ladakh,2.0,0.0,0,0,2,274000,0,273998,,,0
74,2020-03-09,6:00 PM,Ladakh,2.0,0.0,0,0,2,274000,0,273998,,,0
87,2020-03-10,6:00 PM,Ladakh,2.0,0.0,0,0,2,274000,0,273998,,,0
105,2020-03-11,6:00 PM,Ladakh,2.0,0.0,0,0,2,274000,0,273998,,,0
116,2020-03-12,6:00 PM,Ladakh,3.0,0.0,0,0,3,274000,0,273997,,,0
129,2020-03-13,6:00 PM,Ladakh,3.0,0.0,0,0,3,274000,0,273997,,,0
142,2020-03-14,6:00 PM,Ladakh,3.0,0.0,0,0,3,274000,0,273997,,,0
160,2020-03-15,6:00 PM,Ladakh,3.0,0.0,0,0,3,274000,0,273997,,,0
175,2020-03-16,6:00 PM,Ladakh,4.0,0.0,0,0,4,274000,0,273996,,,0
190,2020-03-17,6:00 PM,Ladakh,6.0,0.0,0,0,6,274000,0,273994,,,0
206,2020-03-18,6:00 PM,Ladakh,8.0,0.0,0,0,8,274000,0,273992,,,0
225,2020-03-19,6:00 PM,Ladakh,8.0,0.0,0,0,8,274000,0,273992,,,0
245,2020-03-20,6:00 PM,Ladakh,10.0,0.0,0,0,10,274000,0,273990,,,0
267,2020-03-21,6:00 PM,Ladakh,13.0,0.0,0,0,13,274000,0,273987,,,0
290,2020-03-22,6:00 PM,Ladakh,13.0,0.0,0,0,13,274000,0,273987,,,0
313,2020-03-23,6:00 PM,Ladakh,13.0,0.0,0,0,13,274000,0,273987,,,0
337,2020-03-24,6:00 PM,Ladakh,13.0,0.0,0,0,13,274000,0,273987,,,0
362,2020-03-25,6:00 PM,Ladakh,13.0,0.0,0,0,13,274000,0,273987,,,1
379,2020-03-26,6:00 PM,Ladakh,13.0,0.0,0,0,13,274000,0,273987,,,1
406,2020-03-27,10:00 AM,Ladakh,13.0,0.0,3,0,13,274000,3,273984,,,1
433,2020-03-28,6:00 PM,Ladakh,13.0,0.0,3,0,13,274000,3,273984,,,1
460,2020-03-29,7:30 PM,Ladakh,,,3,0,13,274000,3,273984,,,1
487,2020-03-30,9:30 PM,Ladakh,,,3,0,13,274000,3,273984,,,1
515,2020-03-31,8:30 PM,Ladakh,,,3,0,13,274000,3,273984,,,1
545,2020-04-01,7:30 PM,Ladakh,,,3,0,13,274000,3,273984,,,1
574,2020-04-02,6:00 PM,Ladakh,,,3,0,13,274000,3,273984,,,1
604,2020-04-03,6:00 PM,Ladakh,,,3,0,14,274000,3,273983,,,1
635,2020-04-04,6:00 PM,Ladakh,,,3,0,14,274000,3,273983,,,1
665,2020-04-05,6:00 PM,Ladakh,,,10,0,14,274000,10,273976,,,1
257,2020-03-21,6:00 PM,Madhya Pradesh,4.0,0.0,0,0,4,72626809,0,72626805,66979.0,66975.0,0
280,2020-03-22,6:00 PM,Madhya Pradesh,4.0,0.0,0,0,4,72626809,0,72626805,66979.0,66975.0,0
303,2020-03-23,6:00 PM,Madhya Pradesh,6.0,0.0,0,0,6,72626809,0,72626803,66979.0,66973.0,0
326,2020-03-24,6:00 PM,Madhya Pradesh,7.0,0.0,0,0,7,72626809,0,72626802,66979.0,66972.0,0
350,2020-03-25,6:00 PM,Madhya Pradesh,14.0,0.0,0,0,14,72626809,0,72626795,66979.0,66965.0,1
380,2020-03-26,6:00 PM,Madhya Pradesh,20.0,0.0,0,1,20,72626809,1,72626788,66979.0,66959.0,1
407,2020-03-27,10:00 AM,Madhya Pradesh,20.0,0.0,0,1,20,72626809,1,72626788,66979.0,66959.0,1
434,2020-03-28,6:00 PM,Madhya Pradesh,30.0,0.0,0,2,30,72626809,2,72626777,66979.0,66949.0,1
461,2020-03-29,7:30 PM,Madhya Pradesh,,,0,2,30,72626809,2,72626777,66979.0,66949.0,1
488,2020-03-30,9:30 PM,Madhya Pradesh,,,0,3,47,72626809,3,72626759,66979.0,66932.0,1
516,2020-03-31,8:30 PM,Madhya Pradesh,,,0,3,47,72626809,3,72626759,66979.0,66932.0,1
546,2020-04-01,7:30 PM,Madhya Pradesh,,,0,3,66,72626809,3,72626740,66979.0,66913.0,1
575,2020-04-02,6:00 PM,Madhya Pradesh,,,0,6,99,72626809,6,72626704,66979.0,66880.0,1
605,2020-04-03,6:00 PM,Madhya Pradesh,,,0,6,104,72626809,6,72626699,66979.0,66875.0,1
636,2020-04-04,6:00 PM,Madhya Pradesh,,,0,6,104,72626809,6,72626699,66979.0,66875.0,1
666,2020-04-05,6:00 PM,Madhya Pradesh,,,0,9,165,72626809,9,72626635,66979.0,66814.0,1
77,2020-03-09,6:00 PM,Maharashtra,2.0,0.0,0,0,2,112374333,0,112374331,120444.0,120442.0,0
92,2020-03-10,6:00 PM,Maharashtra,5.0,0.0,0,0,5,112374333,0,112374328,120444.0,120439.0,0
98,2020-03-11,6:00 PM,Maharashtra,2.0,0.0,0,0,2,112374333,0,112374331,120444.0,120442.0,0
121,2020-03-12,6:00 PM,Maharashtra,11.0,0.0,0,0,11,112374333,0,112374322,120444.0,120433.0,0
134,2020-03-13,6:00 PM,Maharashtra,14.0,0.0,0,0,14,112374333,0,112374319,120444.0,120430.0,0
147,2020-03-14,6:00 PM,Maharashtra,14.0,0.0,0,0,14,112374333,0,112374319,120444.0,120430.0,0
154,2020-03-15,6:00 PM,Maharashtra,32.0,0.0,0,0,32,112374333,0,112374301,120444.0,120412.0,0
168,2020-03-16,6:00 PM,Maharashtra,32.0,0.0,0,0,32,112374333,0,112374301,120444.0,120412.0,0
183,2020-03-17,6:00 PM,Maharashtra,36.0,3.0,0,1,39,112374333,1,112374293,120444.0,120405.0,0
198,2020-03-18,6:00 PM,Maharashtra,39.0,3.0,0,1,42,112374333,1,112374290,120444.0,120402.0,0
216,2020-03-19,6:00 PM,Maharashtra,44.0,3.0,0,1,47,112374333,1,112374285,120444.0,120397.0,0
236,2020-03-20,6:00 PM,Maharashtra,49.0,3.0,0,1,52,112374333,1,112374280,120444.0,120392.0,0
258,2020-03-21,6:00 PM,Maharashtra,60.0,3.0,0,1,63,112374333,1,112374269,120444.0,120381.0,0
281,2020-03-22,6:00 PM,Maharashtra,64.0,3.0,0,2,67,112374333,2,112374264,120444.0,120377.0,0
304,2020-03-23,6:00 PM,Maharashtra,71.0,3.0,0,2,74,112374333,2,112374257,120444.0,120370.0,0
327,2020-03-24,6:00 PM,Maharashtra,86.0,3.0,0,2,89,112374333,2,112374242,120444.0,120355.0,0
351,2020-03-25,6:00 PM,Maharashtra,125.0,3.0,1,3,128,112374333,4,112374201,120444.0,120316.0,1
381,2020-03-26,6:00 PM,Maharashtra,121.0,3.0,1,3,124,112374333,4,112374205,120444.0,120320.0,1
408,2020-03-27,10:00 AM,Maharashtra,127.0,3.0,15,4,130,112374333,19,112374184,120444.0,120314.0,1
435,2020-03-28,6:00 PM,Maharashtra,177.0,3.0,25,5,180,112374333,30,112374123,120444.0,120264.0,1
462,2020-03-29,7:30 PM,Maharashtra,,,25,6,186,112374333,31,112374116,120444.0,120258.0,1
489,2020-03-30,9:30 PM,Maharashtra,,,25,8,198,112374333,33,112374102,120444.0,120246.0,1
517,2020-03-31,8:30 PM,Maharashtra,,,39,9,216,112374333,48,112374069,120444.0,120228.0,1
547,2020-04-01,7:30 PM,Maharashtra,,,39,9,302,112374333,48,112373983,120444.0,120142.0,1
576,2020-04-02,6:00 PM,Maharashtra,,,42,13,335,112374333,55,112373943,120444.0,120109.0,1
606,2020-04-03,6:00 PM,Maharashtra,,,42,16,335,112374333,58,112373940,120444.0,120109.0,1
637,2020-04-04,6:00 PM,Maharashtra,,,42,24,490,112374333,66,112373777,120444.0,119954.0,1
667,2020-04-05,6:00 PM,Maharashtra,,,42,24,490,112374333,66,112373777,120444.0,119954.0,1
328,2020-03-24,6:00 PM,Manipur,1.0,0.0,0,0,1,2570390,0,2570389,3989.0,3988.0,0
352,2020-03-25,6:00 PM,Manipur,1.0,0.0,0,0,1,2570390,0,2570389,3989.0,3988.0,1
382,2020-03-26,6:00 PM,Manipur,1.0,0.0,0,0,1,2570390,0,2570389,3989.0,3988.0,1
409,2020-03-27,10:00 AM,Manipur,1.0,0.0,0,0,1,2570390,0,2570389,3989.0,3988.0,1
436,2020-03-28,6:00 PM,Manipur,1.0,0.0,0,0,1,2570390,0,2570389,3989.0,3988.0,1
463,2020-03-29,7:30 PM,Manipur,,,0,0,1,2570390,0,2570389,3989.0,3988.0,1
490,2020-03-30,9:30 PM,Manipur,,,0,0,1,2570390,0,2570389,3989.0,3988.0,1
518,2020-03-31,8:30 PM,Manipur,,,0,0,1,2570390,0,2570389,3989.0,3988.0,1
548,2020-04-01,7:30 PM,Manipur,,,0,0,1,2570390,0,2570389,3989.0,3988.0,1
577,2020-04-02,6:00 PM,Manipur,,,0,0,1,2570390,0,2570389,3989.0,3988.0,1
607,2020-04-03,6:00 PM,Manipur,,,0,0,2,2570390,0,2570388,3989.0,3987.0,1
638,2020-04-04,6:00 PM,Manipur,,,0,0,2,2570390,0,2570388,3989.0,3987.0,1
668,2020-04-05,6:00 PM,Manipur,,,0,0,2,2570390,0,2570388,3989.0,3987.0,1
353,2020-03-25,6:00 PM,Mizoram,1.0,0.0,0,0,1,1097206,0,1097205,4309.0,4308.0,1
383,2020-03-26,6:00 PM,Mizoram,1.0,0.0,0,0,1,1097206,0,1097205,4309.0,4308.0,1
410,2020-03-27,10:00 AM,Mizoram,1.0,0.0,0,0,1,1097206,0,1097205,4309.0,4308.0,1
437,2020-03-28,6:00 PM,Mizoram,1.0,0.0,0,0,1,1097206,0,1097205,4309.0,4308.0,1
464,2020-03-29,7:30 PM,Mizoram,,,0,0,1,1097206,0,1097205,4309.0,4308.0,1
491,2020-03-30,9:30 PM,Mizoram,,,0,0,1,1097206,0,1097205,4309.0,4308.0,1
519,2020-03-31,8:30 PM,Mizoram,,,0,0,1,1097206,0,1097205,4309.0,4308.0,1
549,2020-04-01,7:30 PM,Mizoram,,,0,0,1,1097206,0,1097205,4309.0,4308.0,1
578,2020-04-02,6:00 PM,Mizoram,,,0,0,1,1097206,0,1097205,4309.0,4308.0,1
608,2020-04-03,6:00 PM,Mizoram,,,0,0,1,1097206,0,1097205,4309.0,4308.0,1
639,2020-04-04,6:00 PM,Mizoram,,,0,0,1,1097206,0,1097205,4309.0,4308.0,1
669,2020-04-05,6:00 PM,Mizoram,,,0,0,1,1097206,0,1097205,4309.0,4308.0,1
169,2020-03-16,6:00 PM,Odisha,1.0,0.0,0,0,1,41974218,0,41974217,35016.0,35015.0,0
184,2020-03-17,6:00 PM,Odisha,1.0,0.0,0,0,1,41974218,0,41974217,35016.0,35015.0,0
199,2020-03-18,6:00 PM,Odisha,1.0,0.0,0,0,1,41974218,0,41974217,35016.0,35015.0,0
217,2020-03-19,6:00 PM,Odisha,1.0,0.0,0,0,1,41974218,0,41974217,35016.0,35015.0,0
237,2020-03-20,6:00 PM,Odisha,2.0,0.0,0,0,2,41974218,0,41974216,35016.0,35014.0,0
259,2020-03-21,6:00 PM,Odisha,2.0,0.0,0,0,2,41974218,0,41974216,35016.0,35014.0,0
282,2020-03-22,6:00 PM,Odisha,2.0,0.0,0,0,2,41974218,0,41974216,35016.0,35014.0,0
305,2020-03-23,6:00 PM,Odisha,2.0,0.0,0,0,2,41974218,0,41974216,35016.0,35014.0,0
329,2020-03-24,6:00 PM,Odisha,2.0,0.0,0,0,2,41974218,0,41974216,35016.0,35014.0,0
354,2020-03-25,6:00 PM,Odisha,2.0,0.0,0,0,2,41974218,0,41974216,35016.0,35014.0,1
384,2020-03-26,6:00 PM,Odisha,2.0,0.0,0,0,2,41974218,0,41974216,35016.0,35014.0,1
411,2020-03-27,10:00 AM,Odisha,2.0,0.0,0,0,2,41974218,0,41974216,35016.0,35014.0,1
438,2020-03-28,6:00 PM,Odisha,3.0,0.0,0,0,3,41974218,0,41974215,35016.0,35013.0,1
465,2020-03-29,7:30 PM,Odisha,,,0,0,3,41974218,0,41974215,35016.0,35013.0,1
492,2020-03-30,9:30 PM,Odisha,,,0,0,3,41974218,0,41974215,35016.0,35013.0,1
520,2020-03-31,8:30 PM,Odisha,,,0,0,3,41974218,0,41974215,35016.0,35013.0,1
550,2020-04-01,7:30 PM,Odisha,,,0,0,4,41974218,0,41974214,35016.0,35012.0,1
579,2020-04-02,6:00 PM,Odisha,,,0,0,4,41974218,0,41974214,35016.0,35012.0,1
609,2020-04-03,6:00 PM,Odisha,,,0,0,5,41974218,0,41974213,35016.0,35011.0,1
640,2020-04-04,6:00 PM,Odisha,,,0,0,5,41974218,0,41974213,35016.0,35011.0,1
670,2020-04-05,6:00 PM,Odisha,,,0,0,20,41974218,0,41974198,35016.0,34996.0,1
200,2020-03-18,6:00 PM,Puducherry,1.0,0.0,0,0,1,1247953,0,1247952,8031.0,8030.0,0
218,2020-03-19,6:00 PM,Puducherry,1.0,0.0,0,0,1,1247953,0,1247952,8031.0,8030.0,0
238,2020-03-20,6:00 PM,Puducherry,1.0,0.0,0,0,1,1247953,0,1247952,8031.0,8030.0,0
260,2020-03-21,6:00 PM,Puducherry,1.0,0.0,0,0,1,1247953,0,1247952,8031.0,8030.0,0
283,2020-03-22,6:00 PM,Puducherry,1.0,0.0,0,0,1,1247953,0,1247952,8031.0,8030.0,0
306,2020-03-23,6:00 PM,Puducherry,1.0,0.0,0,0,1,1247953,0,1247952,8031.0,8030.0,0
330,2020-03-24,6:00 PM,Puducherry,1.0,0.0,0,0,1,1247953,0,1247952,8031.0,8030.0,0
355,2020-03-25,6:00 PM,Puducherry,1.0,0.0,0,0,1,1247953,0,1247952,8031.0,8030.0,1
385,2020-03-26,6:00 PM,Puducherry,1.0,0.0,0,0,1,1247953,0,1247952,8031.0,8030.0,1
412,2020-03-27,10:00 AM,Puducherry,1.0,0.0,0,0,1,1247953,0,1247952,8031.0,8030.0,1
439,2020-03-28,6:00 PM,Puducherry,1.0,0.0,0,0,1,1247953,0,1247952,8031.0,8030.0,1
466,2020-03-29,7:30 PM,Puducherry,,,0,0,1,1247953,0,1247952,8031.0,8030.0,1
493,2020-03-30,9:30 PM,Puducherry,,,0,0,1,1247953,0,1247952,8031.0,8030.0,1
521,2020-03-31,8:30 PM,Puducherry,,,0,0,1,1247953,0,1247952,8031.0,8030.0,1
551,2020-04-01,7:30 PM,Puducherry,,,1,0,3,1247953,1,1247949,8031.0,8028.0,1
580,2020-04-02,6:00 PM,Puducherry,,,1,0,3,1247953,1,1247949,8031.0,8028.0,1
610,2020-04-03,6:00 PM,Puducherry,,,1,0,5,1247953,1,1247947,8031.0,8026.0,1
641,2020-04-04,6:00 PM,Puducherry,,,1,0,5,1247953,1,1247947,8031.0,8026.0,1
671,2020-04-05,6:00 PM,Puducherry,,,1,0,5,1247953,1,1247947,8031.0,8026.0,1
78,2020-03-09,6:00 PM,Punjab,1.0,0.0,0,0,1,27743338,0,27743337,31460.0,31459.0,0
93,2020-03-10,6:00 PM,Punjab,1.0,0.0,0,0,1,27743338,0,27743337,31460.0,31459.0,0
108,2020-03-11,6:00 PM,Punjab,1.0,0.0,0,0,1,27743338,0,27743337,31460.0,31459.0,0
119,2020-03-12,6:00 PM,Punjab,1.0,0.0,0,0,1,27743338,0,27743337,31460.0,31459.0,0
132,2020-03-13,6:00 PM,Punjab,1.0,0.0,0,0,1,27743338,0,27743337,31460.0,31459.0,0
145,2020-03-14,6:00 PM,Punjab,1.0,0.0,0,0,1,27743338,0,27743337,31460.0,31459.0,0
155,2020-03-15,6:00 PM,Punjab,1.0,0.0,0,0,1,27743338,0,27743337,31460.0,31459.0,0
170,2020-03-16,6:00 PM,Punjab,1.0,0.0,0,0,1,27743338,0,27743337,31460.0,31459.0,0
185,2020-03-17,6:00 PM,Punjab,1.0,0.0,0,0,1,27743338,0,27743337,31460.0,31459.0,0
201,2020-03-18,6:00 PM,Punjab,1.0,0.0,0,0,1,27743338,0,27743337,31460.0,31459.0,0
219,2020-03-19,6:00 PM,Punjab,2.0,0.0,0,1,2,27743338,1,27743335,31460.0,31458.0,0
239,2020-03-20,6:00 PM,Punjab,2.0,0.0,0,1,2,27743338,1,27743335,31460.0,31458.0,0
261,2020-03-21,6:00 PM,Punjab,13.0,0.0,0,1,13,27743338,1,27743324,31460.0,31447.0,0
284,2020-03-22,6:00 PM,Punjab,21.0,0.0,0,1,21,27743338,1,27743316,31460.0,31439.0,0
307,2020-03-23,6:00 PM,Punjab,21.0,0.0,0,1,21,27743338,1,27743316,31460.0,31439.0,0
331,2020-03-24,6:00 PM,Punjab,29.0,0.0,0,1,29,27743338,1,27743308,31460.0,31431.0,0
356,2020-03-25,6:00 PM,Punjab,29.0,0.0,0,1,29,27743338,1,27743308,31460.0,31431.0,1
386,2020-03-26,6:00 PM,Punjab,33.0,0.0,0,1,33,27743338,1,27743304,31460.0,31427.0,1
413,2020-03-27,10:00 AM,Punjab,33.0,0.0,0,1,33,27743338,1,27743304,31460.0,31427.0,1
440,2020-03-28,6:00 PM,Punjab,38.0,0.0,1,1,38,27743338,2,27743298,31460.0,31422.0,1
467,2020-03-29,7:30 PM,Punjab,,,1,1,38,27743338,2,27743298,31460.0,31422.0,1
494,2020-03-30,9:30 PM,Punjab,,,1,1,38,27743338,2,27743298,31460.0,31422.0,1
522,2020-03-31,8:30 PM,Punjab,,,1,3,41,27743338,4,27743293,31460.0,31419.0,1
552,2020-04-01,7:30 PM,Punjab,,,1,3,42,27743338,4,27743292,31460.0,31418.0,1
581,2020-04-02,6:00 PM,Punjab,,,1,4,46,27743338,5,27743287,31460.0,31414.0,1
611,2020-04-03,6:00 PM,Punjab,,,1,5,48,27743338,6,27743284,31460.0,31412.0,1
642,2020-04-04,6:00 PM,Punjab,,,1,5,57,27743338,6,27743275,31460.0,31403.0,1
672,2020-04-05,6:00 PM,Punjab,,,1,5,57,27743338,6,27743275,31460.0,31403.0,1
37,2020-03-03,6:00 PM,Rajasthan,0.0,1.0,0,0,1,68548437,0,68548436,83692.0,83691.0,0
45,2020-03-04,6:00 PM,Rajasthan,1.0,14.0,0,0,15,68548437,0,68548422,83692.0,83677.0,0
49,2020-03-05,6:00 PM,Rajasthan,1.0,14.0,0,0,15,68548437,0,68548422,83692.0,83677.0,0
55,2020-03-06,6:00 PM,Rajasthan,1.0,14.0,0,0,15,68548437,0,68548422,83692.0,83677.0,0
65,2020-03-07,6:00 PM,Rajasthan,1.0,14.0,0,0,15,68548437,0,68548422,83692.0,83677.0,0
69,2020-03-08,6:00 PM,Rajasthan,1.0,14.0,0,0,15,68548437,0,68548422,83692.0,83677.0,0
79,2020-03-09,6:00 PM,Rajasthan,1.0,14.0,0,0,15,68548437,0,68548422,83692.0,83677.0,0
94,2020-03-10,6:00 PM,Rajasthan,1.0,14.0,0,0,15,68548437,0,68548422,83692.0,83677.0,0
102,2020-03-11,6:00 PM,Rajasthan,1.0,2.0,0,0,3,68548437,0,68548434,83692.0,83689.0,0
113,2020-03-12,6:00 PM,Rajasthan,1.0,2.0,0,0,3,68548437,0,68548434,83692.0,83689.0,0
126,2020-03-13,6:00 PM,Rajasthan,1.0,2.0,0,0,3,68548437,0,68548434,83692.0,83689.0,0
139,2020-03-14,6:00 PM,Rajasthan,1.0,2.0,1,0,3,68548437,1,68548433,83692.0,83689.0,0
156,2020-03-15,6:00 PM,Rajasthan,2.0,2.0,3,0,4,68548437,3,68548430,83692.0,83688.0,0
171,2020-03-16,6:00 PM,Rajasthan,2.0,2.0,3,0,4,68548437,3,68548430,83692.0,83688.0,0
186,2020-03-17,6:00 PM,Rajasthan,2.0,2.0,3,0,4,68548437,3,68548430,83692.0,83688.0,0
202,2020-03-18,6:00 PM,Rajasthan,2.0,2.0,3,0,4,68548437,3,68548430,83692.0,83688.0,0
220,2020-03-19,6:00 PM,Rajasthan,5.0,2.0,3,0,7,68548437,3,68548427,83692.0,83685.0,0
240,2020-03-20,6:00 PM,Rajasthan,15.0,2.0,3,0,17,68548437,3,68548417,83692.0,83675.0,0
262,2020-03-21,6:00 PM,Rajasthan,15.0,2.0,3,0,17,68548437,3,68548417,83692.0,83675.0,0
285,2020-03-22,6:00 PM,Rajasthan,22.0,2.0,3,0,24,68548437,3,68548410,83692.0,83668.0,0
308,2020-03-23,6:00 PM,Rajasthan,26.0,2.0,3,0,28,68548437,3,68548406,83692.0,83664.0,0
332,2020-03-24,6:00 PM,Rajasthan,30.0,2.0,3,0,32,68548437,3,68548402,83692.0,83660.0,0
357,2020-03-25,6:00 PM,Rajasthan,34.0,2.0,3,0,36,68548437,3,68548398,83692.0,83656.0,1
387,2020-03-26,6:00 PM,Rajasthan,39.0,2.0,3,0,41,68548437,3,68548393,83692.0,83651.0,1
414,2020-03-27,10:00 AM,Rajasthan,39.0,2.0,3,0,41,68548437,3,68548393,83692.0,83651.0,1
441,2020-03-28,6:00 PM,Rajasthan,52.0,2.0,3,0,54,68548437,3,68548380,83692.0,83638.0,1
468,2020-03-29,7:30 PM,Rajasthan,,,3,0,55,68548437,3,68548379,83692.0,83637.0,1
495,2020-03-30,9:30 PM,Rajasthan,,,3,0,59,68548437,3,68548375,83692.0,83633.0,1
523,2020-03-31,8:30 PM,Rajasthan,,,3,0,74,68548437,3,68548360,83692.0,83618.0,1
553,2020-04-01,7:30 PM,Rajasthan,,,3,0,93,68548437,3,68548341,83692.0,83599.0,1
582,2020-04-02,6:00 PM,Rajasthan,,,3,0,108,68548437,3,68548326,83692.0,83584.0,1
612,2020-04-03,6:00 PM,Rajasthan,,,3,0,167,68548437,3,68548267,83692.0,83525.0,1
643,2020-04-04,6:00 PM,Rajasthan,,,21,0,200,68548437,21,68548216,83692.0,83492.0,1
673,2020-04-05,6:00 PM,Rajasthan,,,21,0,200,68548437,21,68548216,83692.0,83492.0,1
62,2020-03-07,6:00 PM,Tamil Nadu,1.0,0.0,0,0,1,72147030,0,72147029,150148.0,150147.0,0
68,2020-03-08,6:00 PM,Tamil Nadu,1.0,0.0,0,0,1,72147030,0,72147029,150148.0,150147.0,0
80,2020-03-09,6:00 PM,Tamil Nadu,1.0,0.0,0,0,1,72147030,0,72147029,150148.0,150147.0,0
95,2020-03-10,6:00 PM,Tamil Nadu,1.0,0.0,0,0,1,72147030,0,72147029,150148.0,150147.0,0
106,2020-03-11,6:00 PM,Tamil Nadu,1.0,0.0,0,0,1,72147030,0,72147029,150148.0,150147.0,0
117,2020-03-12,6:00 PM,Tamil Nadu,1.0,0.0,0,0,1,72147030,0,72147029,150148.0,150147.0,0
130,2020-03-13,6:00 PM,Tamil Nadu,1.0,0.0,0,0,1,72147030,0,72147029,150148.0,150147.0,0
143,2020-03-14,6:00 PM,Tamil Nadu,1.0,0.0,0,0,1,72147030,0,72147029,150148.0,150147.0,0
157,2020-03-15,6:00 PM,Tamil Nadu,1.0,0.0,0,0,1,72147030,0,72147029,150148.0,150147.0,0
172,2020-03-16,6:00 PM,Tamil Nadu,1.0,0.0,0,0,1,72147030,0,72147029,150148.0,150147.0,0
187,2020-03-17,6:00 PM,Tamil Nadu,1.0,0.0,0,0,1,72147030,0,72147029,150148.0,150147.0,0
203,2020-03-18,6:00 PM,Tamil Nadu,1.0,0.0,0,0,1,72147030,0,72147029,150148.0,150147.0,0
221,2020-03-19,6:00 PM,Tamil Nadu,2.0,0.0,1,0,2,72147030,1,72147027,150148.0,150146.0,0
241,2020-03-20,6:00 PM,Tamil Nadu,3.0,0.0,1,0,3,72147030,1,72147026,150148.0,150145.0,0
263,2020-03-21,6:00 PM,Tamil Nadu,3.0,0.0,1,0,3,72147030,1,72147026,150148.0,150145.0,0
286,2020-03-22,6:00 PM,Tamil Nadu,5.0,2.0,1,0,7,72147030,1,72147022,150148.0,150141.0,0
309,2020-03-23,6:00 PM,Tamil Nadu,7.0,2.0,1,0,9,72147030,1,72147020,150148.0,150139.0,0
333,2020-03-24,6:00 PM,Tamil Nadu,13.0,2.0,1,0,15,72147030,1,72147014,150148.0,150133.0,0
358,2020-03-25,6:00 PM,Tamil Nadu,16.0,2.0,1,0,18,72147030,1,72147011,150148.0,150130.0,1
388,2020-03-26,6:00 PM,Tamil Nadu,20.0,6.0,1,1,26,72147030,2,72147002,150148.0,150122.0,1
415,2020-03-27,10:00 AM,Tamil Nadu,23.0,6.0,1,1,29,72147030,2,72146999,150148.0,150119.0,1
442,2020-03-28,6:00 PM,Tamil Nadu,34.0,6.0,2,1,40,72147030,3,72146987,150148.0,150108.0,1
469,2020-03-29,7:30 PM,Tamil Nadu,,,4,1,49,72147030,5,72146976,150148.0,150099.0,1
496,2020-03-30,9:30 PM,Tamil Nadu,,,4,1,67,72147030,5,72146958,150148.0,150081.0,1
524,2020-03-31,8:30 PM,Tamil Nadu,,,4,1,74,72147030,5,72146951,150148.0,150074.0,1
554,2020-04-01,7:30 PM,Tamil Nadu,,,6,1,234,72147030,7,72146789,150148.0,149914.0,1
583,2020-04-02,6:00 PM,Tamil Nadu,,,6,1,234,72147030,7,72146789,150148.0,149914.0,1
613,2020-04-03,6:00 PM,Tamil Nadu,,,6,1,309,72147030,7,72146714,150148.0,149839.0,1
644,2020-04-04,6:00 PM,Tamil Nadu,,,6,2,411,72147030,8,72146611,150148.0,149737.0,1
674,2020-04-05,6:00 PM,Tamil Nadu,,,6,3,485,72147030,9,72146536,150148.0,149663.0,1
33,2020-03-02,6:00 PM,Telengana,1.0,0.0,0,0,1,35003674,0,35003673,,,0
36,2020-03-03,6:00 PM,Telengana,1.0,0.0,0,0,1,35003674,0,35003673,,,0
44,2020-03-04,6:00 PM,Telengana,1.0,0.0,0,0,1,35003674,0,35003673,,,0
50,2020-03-05,6:00 PM,Telengana,1.0,0.0,0,0,1,35003674,0,35003673,,,0
57,2020-03-06,6:00 PM,Telengana,1.0,0.0,0,0,1,35003674,0,35003673,,,0
61,2020-03-07,6:00 PM,Telengana,1.0,0.0,0,0,1,35003674,0,35003673,,,0
67,2020-03-08,6:00 PM,Telengana,1.0,0.0,0,0,1,35003674,0,35003673,,,0
81,2020-03-09,6:00 PM,Telengana,1.0,0.0,0,0,1,35003674,0,35003673,,,0
96,2020-03-10,6:00 PM,Telengana,1.0,0.0,0,0,1,35003674,0,35003673,,,0
103,2020-03-11,6:00 PM,Telengana,1.0,0.0,0,0,1,35003674,0,35003673,,,0
114,2020-03-12,6:00 PM,Telengana,1.0,0.0,0,0,1,35003674,0,35003673,,,0
127,2020-03-13,6:00 PM,Telengana,1.0,0.0,0,0,1,35003674,0,35003673,,,0
140,2020-03-14,6:00 PM,Telengana,1.0,0.0,0,0,1,35003674,0,35003673,,,0
158,2020-03-15,6:00 PM,Telengana,3.0,0.0,1,0,3,35003674,1,35003670,,,0
173,2020-03-16,6:00 PM,Telengana,3.0,0.0,1,0,3,35003674,1,35003670,,,0
188,2020-03-17,6:00 PM,Telengana,3.0,2.0,1,0,5,35003674,1,35003668,,,0
204,2020-03-18,6:00 PM,Telengana,4.0,2.0,1,0,6,35003674,1,35003667,,,0
222,2020-03-19,6:00 PM,Telengana,4.0,2.0,1,0,6,35003674,1,35003667,,,0
242,2020-03-20,6:00 PM,Telengana,8.0,9.0,1,0,17,35003674,1,35003656,,,0
264,2020-03-21,6:00 PM,Telengana,10.0,11.0,1,0,21,35003674,1,35003652,,,0
287,2020-03-22,6:00 PM,Telengana,11.0,11.0,1,0,22,35003674,1,35003651,,,0
310,2020-03-23,6:00 PM,Telengana,22.0,10.0,1,0,32,35003674,1,35003641,,,0
334,2020-03-24,6:00 PM,Telengana,25.0,10.0,1,0,35,35003674,1,35003638,,,0
359,2020-03-25,6:00 PM,Telengana,25.0,10.0,1,0,35,35003674,1,35003638,,,1
389,2020-03-26,6:00 PM,Telengana,34.0,10.0,1,0,44,35003674,1,35003629,,,1
416,2020-03-27,10:00 AM,Telengana,35.0,10.0,1,0,45,35003674,1,35003628,,,1
443,2020-03-28,6:00 PM,Telengana,46.0,10.0,1,0,56,35003674,1,35003617,,,1
470,2020-03-29,7:30 PM,Telengana,,,1,1,66,35003674,2,35003606,,,1
497,2020-03-30,9:30 PM,Telengana,,,1,1,71,35003674,2,35003601,,,1
525,2020-03-31,8:30 PM,Telengana,,,1,1,79,35003674,2,35003593,,,1
555,2020-04-01,7:30 PM,Telengana,,,1,3,96,35003674,4,35003574,,,1
584,2020-04-02,6:00 PM,Telengana,,,1,3,107,35003674,4,35003563,,,1
614,2020-04-03,6:00 PM,Telengana,,,1,7,158,35003674,8,35003508,,,1
645,2020-04-04,6:00 PM,Telengana,,,1,7,159,35003674,8,35003507,,,1
675,2020-04-05,6:00 PM,Telengana,,,32,7,269,35003674,39,35003366,,,1
40,2020-03-04,6:00 PM,Uttar Pradesh,6.0,0.0,0,0,6,199812341,0,199812335,134570.0,134564.0,0
51,2020-03-05,6:00 PM,Uttar Pradesh,7.0,0.0,0,0,7,199812341,0,199812334,134570.0,134563.0,0
56,2020-03-06,6:00 PM,Uttar Pradesh,7.0,0.0,0,0,7,199812341,0,199812334,134570.0,134563.0,0
59,2020-03-07,6:00 PM,Uttar Pradesh,7.0,0.0,0,0,7,199812341,0,199812334,134570.0,134563.0,0
73,2020-03-08,6:00 PM,Uttar Pradesh,7.0,0.0,0,0,7,199812341,0,199812334,134570.0,134563.0,0
83,2020-03-09,6:00 PM,Uttar Pradesh,7.0,0.0,0,0,7,199812341,0,199812334,134570.0,134563.0,0
86,2020-03-10,6:00 PM,Uttar Pradesh,7.0,0.0,0,0,7,199812341,0,199812334,134570.0,134563.0,0
104,2020-03-11,6:00 PM,Uttar Pradesh,9.0,0.0,0,0,9,199812341,0,199812332,134570.0,134561.0,0
115,2020-03-12,6:00 PM,Uttar Pradesh,10.0,1.0,0,0,11,199812341,0,199812330,134570.0,134559.0,0
128,2020-03-13,6:00 PM,Uttar Pradesh,10.0,1.0,0,0,11,199812341,0,199812330,134570.0,134559.0,0
141,2020-03-14,6:00 PM,Uttar Pradesh,11.0,1.0,5,0,12,199812341,5,199812324,134570.0,134558.0,0
161,2020-03-15,6:00 PM,Uttar Pradesh,12.0,1.0,4,0,13,199812341,4,199812324,134570.0,134557.0,0
176,2020-03-16,6:00 PM,Uttar Pradesh,12.0,1.0,4,0,13,199812341,4,199812324,134570.0,134557.0,0
191,2020-03-17,6:00 PM,Uttar Pradesh,14.0,1.0,5,0,15,199812341,5,199812321,134570.0,134555.0,0
207,2020-03-18,6:00 PM,Uttar Pradesh,15.0,1.0,5,0,16,199812341,5,199812320,134570.0,134554.0,0
226,2020-03-19,6:00 PM,Uttar Pradesh,18.0,1.0,9,0,19,199812341,9,199812313,134570.0,134551.0,0
246,2020-03-20,6:00 PM,Uttar Pradesh,22.0,1.0,9,0,23,199812341,9,199812309,134570.0,134547.0,0
268,2020-03-21,6:00 PM,Uttar Pradesh,23.0,1.0,9,0,24,199812341,9,199812308,134570.0,134546.0,0
291,2020-03-22,6:00 PM,Uttar Pradesh,26.0,1.0,9,0,27,199812341,9,199812305,134570.0,134543.0,0
314,2020-03-23,6:00 PM,Uttar Pradesh,30.0,1.0,9,0,31,199812341,9,199812301,134570.0,134539.0,0
338,2020-03-24,6:00 PM,Uttar Pradesh,32.0,1.0,11,0,33,199812341,11,199812297,134570.0,134537.0,0
363,2020-03-25,6:00 PM,Uttar Pradesh,36.0,1.0,11,0,37,199812341,11,199812293,134570.0,134533.0,1
391,2020-03-26,6:00 PM,Uttar Pradesh,40.0,1.0,11,0,41,199812341,11,199812289,134570.0,134529.0,1
418,2020-03-27,10:00 AM,Uttar Pradesh,40.0,1.0,11,0,41,199812341,11,199812289,134570.0,134529.0,1
445,2020-03-28,6:00 PM,Uttar Pradesh,54.0,1.0,11,0,55,199812341,11,199812275,134570.0,134515.0,1
472,2020-03-29,7:30 PM,Uttar Pradesh,,,11,0,65,199812341,11,199812265,134570.0,134505.0,1
499,2020-03-30,9:30 PM,Uttar Pradesh,,,11,0,82,199812341,11,199812248,134570.0,134488.0,1
527,2020-03-31,8:30 PM,Uttar Pradesh,,,14,0,101,199812341,14,199812226,134570.0,134469.0,1
557,2020-04-01,7:30 PM,Uttar Pradesh,,,14,2,103,199812341,16,199812222,134570.0,134467.0,1
586,2020-04-02,6:00 PM,Uttar Pradesh,,,14,2,113,199812341,16,199812212,134570.0,134457.0,1
616,2020-04-03,6:00 PM,Uttar Pradesh,,,14,2,172,199812341,16,199812153,134570.0,134398.0,1
647,2020-04-04,6:00 PM,Uttar Pradesh,,,19,2,174,199812341,21,199812146,134570.0,134396.0,1
677,2020-04-05,6:00 PM,Uttar Pradesh,,,19,2,227,199812341,21,199812093,134570.0,134343.0,1
162,2020-03-15,6:00 PM,Uttarakhand,1.0,0.0,0,0,1,10086292,0,10086291,15172.0,15171.0,0
177,2020-03-16,6:00 PM,Uttarakhand,1.0,0.0,0,0,1,10086292,0,10086291,15172.0,15171.0,0
192,2020-03-17,6:00 PM,Uttarakhand,1.0,0.0,0,0,1,10086292,0,10086291,15172.0,15171.0,0
208,2020-03-18,6:00 PM,Uttarakhand,1.0,0.0,0,0,1,10086292,0,10086291,15172.0,15171.0,0
227,2020-03-19,6:00 PM,Uttarakhand,1.0,0.0,0,0,1,10086292,0,10086291,15172.0,15171.0,0
247,2020-03-20,6:00 PM,Uttarakhand,3.0,0.0,0,0,3,10086292,0,10086289,15172.0,15169.0,0
269,2020-03-21,6:00 PM,Uttarakhand,3.0,0.0,0,0,3,10086292,0,10086289,15172.0,15169.0,0
292,2020-03-22,6:00 PM,Uttarakhand,3.0,0.0,0,0,3,10086292,0,10086289,15172.0,15169.0,0
315,2020-03-23,6:00 PM,Uttarakhand,3.0,0.0,0,0,3,10086292,0,10086289,15172.0,15169.0,0
339,2020-03-24,6:00 PM,Uttarakhand,3.0,1.0,0,0,4,10086292,0,10086288,15172.0,15168.0,0
364,2020-03-25,6:00 PM,Uttarakhand,3.0,1.0,0,0,4,10086292,0,10086288,15172.0,15168.0,1
390,2020-03-26,6:00 PM,Uttarakhand,4.0,1.0,0,0,5,10086292,0,10086287,15172.0,15167.0,1
417,2020-03-27,10:00 AM,Uttarakhand,4.0,1.0,0,0,5,10086292,0,10086287,15172.0,15167.0,1
444,2020-03-28,6:00 PM,Uttarakhand,4.0,1.0,0,0,5,10086292,0,10086287,15172.0,15167.0,1
471,2020-03-29,7:30 PM,Uttarakhand,,,2,0,7,10086292,2,10086283,15172.0,15165.0,1
498,2020-03-30,9:30 PM,Uttarakhand,,,2,0,7,10086292,2,10086283,15172.0,15165.0,1
526,2020-03-31,8:30 PM,Uttarakhand,,,2,0,7,10086292,2,10086283,15172.0,15165.0,1
556,2020-04-01,7:30 PM,Uttarakhand,,,2,0,7,10086292,2,10086283,15172.0,15165.0,1
585,2020-04-02,6:00 PM,Uttarakhand,,,2,0,7,10086292,2,10086283,15172.0,15165.0,1
615,2020-04-03,6:00 PM,Uttarakhand,,,2,0,10,10086292,2,10086280,15172.0,15162.0,1
646,2020-04-04,6:00 PM,Uttarakhand,,,2,0,16,10086292,2,10086274,15172.0,15156.0,1
676,2020-04-05,6:00 PM,Uttarakhand,,,2,0,22,10086292,2,10086268,15172.0,15150.0,1
209,2020-03-18,6:00 PM,West Bengal,1.0,0.0,0,0,1,91276115,0,91276114,,,0
228,2020-03-19,6:00 PM,West Bengal,1.0,0.0,0,0,1,91276115,0,91276114,,,0
248,2020-03-20,6:00 PM,West Bengal,2.0,0.0,0,0,2,91276115,0,91276113,,,0
270,2020-03-21,6:00 PM,West Bengal,3.0,0.0,0,0,3,91276115,0,91276112,,,0
293,2020-03-22,6:00 PM,West Bengal,4.0,0.0,0,0,4,91276115,0,91276111,,,0
316,2020-03-23,6:00 PM,West Bengal,7.0,0.0,0,0,7,91276115,0,91276108,,,0
340,2020-03-24,6:00 PM,West Bengal,9.0,0.0,0,1,9,91276115,1,91276105,,,0
365,2020-03-25,6:00 PM,West Bengal,9.0,0.0,0,1,9,91276115,1,91276105,,,1
392,2020-03-26,6:00 PM,West Bengal,10.0,0.0,0,1,10,91276115,1,91276104,,,1
419,2020-03-27,10:00 AM,West Bengal,10.0,0.0,0,1,10,91276115,1,91276104,,,1
446,2020-03-28,6:00 PM,West Bengal,15.0,0.0,0,1,15,91276115,1,91276099,,,1
473,2020-03-29,7:30 PM,West Bengal,,,0,1,18,91276115,1,91276096,,,1
500,2020-03-30,9:30 PM,West Bengal,,,0,1,22,91276115,1,91276092,,,1
528,2020-03-31,8:30 PM,West Bengal,,,0,2,26,91276115,2,91276087,,,1
558,2020-04-01,7:30 PM,West Bengal,,,6,3,37,91276115,9,91276069,,,1
587,2020-04-02,6:00 PM,West Bengal,,,6,3,53,91276115,9,91276053,,,1
617,2020-04-03,6:00 PM,West Bengal,,,3,3,63,91276115,6,91276046,,,1
648,2020-04-04,6:00 PM,West Bengal,,,3,3,69,91276115,6,91276040,,,1
678,2020-04-05,6:00 PM,West Bengal,,,10,3,80,91276115,13,91276022,,,1
